{
    "LangGraph": [
        {
            "iteration": 0,
            "start_time": 1744286788.4790912,
            "api_calls": 5,
            "retries": 0,
            "api_latencies": [
                17.947036743164062,
                93.58497214317322,
                92.68215608596802,
                94.01178050041199,
                92.71323990821838
            ],
            "latency": 390.95476627349854,
            "avg_api_latency": 78.18783707618714,
            "match_percentage": 100.0
        },
        {
            "iteration": 1,
            "start_time": 1744287179.4338574,
            "api_calls": 5,
            "retries": 0,
            "api_latencies": [
                91.83816123008728,
                94.78940105438232,
                92.4004864692688,
                34.864561796188354,
                46.44127893447876
            ],
            "latency": 360.3338894844055,
            "avg_api_latency": 72.0667778968811,
            "match_percentage": 100.0
        },
        {
            "iteration": 2,
            "start_time": 1744287539.767747,
            "api_calls": 5,
            "retries": 0,
            "api_latencies": [
                45.992122173309326,
                78.61627674102783,
                92.90440773963928,
                93.26092457771301,
                93.50274848937988
            ],
            "latency": 404.2956235408783,
            "avg_api_latency": 80.85529594421386,
            "match_percentage": 100.0
        },
        {
            "iteration": "average",
            "match_percentage": 100.0
        }
    ]
}