{
    "CrewAI": [
        {
            "iteration": 0,
            "start_time": 1744022609.198262,
            "api_calls": 1,
            "retries": 0,
            "api_latencies": [
                23.21849513053894
            ],
            "latency": 23.2350971698761,
            "avg_api_latency": 23.21849513053894,
            "match_percentage": 100.0
        },
        {
            "iteration": 1,
            "start_time": 1744022632.4333591,
            "api_calls": 1,
            "retries": 0,
            "api_latencies": [
                22.304651737213135
            ],
            "latency": 22.308347463607788,
            "avg_api_latency": 22.304651737213135,
            "match_percentage": 100.0
        },
        {
            "iteration": 2,
            "start_time": 1744022654.7427428,
            "api_calls": 1,
            "retries": 0,
            "api_latencies": [
                25.15855121612549
            ],
            "latency": 25.15855121612549,
            "avg_api_latency": 25.15855121612549,
            "match_percentage": 100.0
        },
        {
            "iteration": "average",
            "match_percentage": 100.0
        }
    ]
}