{
    "CrewAI": [
        {
            "iteration": 0,
            "start_time": 1744286067.6908622,
            "api_calls": 5,
            "retries": 0,
            "api_latencies": [
                4.278199672698975,
                5.8002543449401855,
                3.475346088409424,
                6.539877414703369,
                7.711477994918823
            ],
            "latency": 27.811150074005127,
            "avg_api_latency": 5.561031103134155,
            "match_percentage": 100.0
        },
        {
            "iteration": 1,
            "start_time": 1744286095.5030134,
            "api_calls": 5,
            "retries": 0,
            "api_latencies": [
                8.970932722091675,
                4.6957666873931885,
                4.884394407272339,
                5.270790338516235,
                3.7983458042144775
            ],
            "latency": 27.62375783920288,
            "avg_api_latency": 5.524045991897583,
            "match_percentage": 100.0
        },
        {
            "iteration": 2,
            "start_time": 1744286123.1327846,
            "api_calls": 5,
            "retries": 0,
            "api_latencies": [
                7.184205770492554,
                4.458045244216919,
                4.085865020751953,
                8.358673095703125,
                6.419259309768677
            ],
            "latency": 30.50725507736206,
            "avg_api_latency": 6.101209688186645,
            "match_percentage": 100.0
        },
        {
            "iteration": "average",
            "match_percentage": 100.0
        }
    ]
}