{
    "LangGraph": [
        {
            "iteration": 0,
            "start_time": 1744021281.6989994,
            "api_calls": 1,
            "retries": 0,
            "api_latencies": [
                302.91924357414246
            ],
            "latency": 302.9556703567505,
            "avg_api_latency": 302.91924357414246,
            "match_percentage": 0.0
        },
        {
            "iteration": 1,
            "start_time": 1744021584.6581852,
            "api_calls": 1,
            "retries": 0,
            "api_latencies": [
                389.3894407749176
            ],
            "latency": 389.3984341621399,
            "avg_api_latency": 389.3894407749176,
            "match_percentage": 0.0
        },
        {
            "iteration": 2,
            "start_time": 1744021974.0582051,
            "api_calls": 1,
            "retries": 0,
            "api_latencies": [
                387.782931804657
            ],
            "latency": 387.78635263442993,
            "avg_api_latency": 387.782931804657,
            "match_percentage": 0.0
        },
        {
            "iteration": "average",
            "match_percentage": 0.0
        }
    ]
}